{"cameraMode":{"drawMode":0,"name":"Shaded","section":"Shading Mode"},"sceneLighting":false,"audioPlay":false,"sceneViewState":{"showFog":true,"showMaterialUpdate":false,"showSkybox":false,"showFlares":true,"showImageEffects":true,"showParticleSystems":true},"in2DMode":false,"pivot":{"x":2.919999837875366,"y":1.022594928741455,"z":0.02999061346054077},"rotation":{"x":0.002355803269892931,"y":0.9969443082809448,"z":-0.0707114189863205,"w":0.03321113437414169},"size":5.2996826171875,"orthographic":false}