{"cameraMode":{"drawMode":0,"name":"Shaded","section":"Shading Mode"},"sceneLighting":false,"audioPlay":false,"sceneViewState":{"showFog":true,"showMaterialUpdate":false,"showSkybox":false,"showFlares":true,"showImageEffects":true,"showParticleSystems":true},"in2DMode":false,"pivot":{"x":8.999999046325684,"y":0.6229242086410523,"z":1.9999985694885255},"rotation":{"x":-0.3848040997982025,"y":0.10679709911346436,"z":-0.044869087636470798,"w":-0.9157304763793945},"size":1.053187608718872,"orthographic":false}