{"cameraMode":{"drawMode":0,"name":"Shaded","section":"Shading Mode"},"sceneLighting":false,"audioPlay":false,"sceneViewState":{"showFog":true,"showMaterialUpdate":false,"showSkybox":false,"showFlares":true,"showImageEffects":true,"showParticleSystems":true},"in2DMode":false,"pivot":{"x":-1.2859995365142823,"y":0.7747302651405335,"z":1.0000001192092896},"rotation":{"x":-0.09015657007694245,"y":-0.026292171329259874,"z":0.0023810400161892177,"w":-0.9955832362174988},"size":2.226055383682251,"orthographic":false}