{"cameraMode":{"drawMode":0,"name":"Shaded","section":"Shading Mode"},"sceneLighting":false,"audioPlay":false,"sceneViewState":{"showFog":true,"showMaterialUpdate":false,"showSkybox":false,"showFlares":true,"showImageEffects":true,"showParticleSystems":true},"in2DMode":false,"pivot":{"x":-2.384185791015625e-7,"y":1.022594928741455,"z":0.02999061346054077},"rotation":{"x":0.0030131640378385784,"y":0.996107280254364,"z":-0.0796680897474289,"w":0.03767148777842522},"size":5.2996826171875,"orthographic":false}