{"cameraMode":{"drawMode":0,"name":"Shaded","section":"Shading Mode"},"sceneLighting":false,"audioPlay":false,"sceneViewState":{"showFog":true,"showMaterialUpdate":false,"showSkybox":false,"showFlares":true,"showImageEffects":true,"showParticleSystems":true},"in2DMode":false,"pivot":{"x":0.010547727346420288,"y":0.9685418605804443,"z":0.0005297660827636719},"rotation":{"x":0.00005047820377512835,"y":0.9998794198036194,"z":-0.015308842994272709,"w":0.0033005541190505029},"size":2.6219210624694826,"orthographic":false}